{
  "__type__": "cc.SpriteFrame",
  "content": {
    "name": "gamehall_b_frame",
    "atlas": "",
    "rect": {
      "x": 0,
      "y": 4,
      "width": 1280,
      "height": 65
    },
    "offset": {
      "x": 0,
      "y": -2
    },
    "originalSize": {
      "width": 1280,
      "height": 69
    },
    "rotated": false,
    "capInsets": [
      0,
      0,
      0,
      0
    ],
    "vertices": {
      "rawPosition": [
        -640,
        -32.5,
        0,
        640,
        -32.5,
        0,
        -640,
        32.5,
        0,
        640,
        32.5,
        0
      ],
      "indexes": [
        0,
        1,
        2,
        2,
        1,
        3
      ],
      "uv": [
        0,
        65,
        1280,
        65,
        0,
        0,
        1280,
        0
      ],
      "nuv": [
        0,
        0,
        1,
        0,
        0,
        0.9420289855072463,
        1,
        0.9420289855072463
      ],
      "minPos": {
        "x": -640,
        "y": -32.5,
        "z": 0
      },
      "maxPos": {
        "x": 640,
        "y": 32.5,
        "z": 0
      }
    },
    "texture": "0ab65563-218c-41d4-9c15-b1716c23c253@6c48a",
    "packable": true,
    "pixelsToUnit": 100,
    "pivot": {
      "x": 0.5,
      "y": 0.5
    },
    "meshType": 0
  }
}