{
  "__type__": "cc.SpriteFrame",
  "content": {
    "name": "gamehall_effect_touch_tex",
    "atlas": "",
    "rect": {
      "x": 1,
      "y": 1,
      "width": 510,
      "height": 320
    },
    "offset": {
      "x": -0.5,
      "y": 1
    },
    "originalSize": {
      "width": 513,
      "height": 324
    },
    "rotated": false,
    "capInsets": [
      0,
      0,
      0,
      0
    ],
    "vertices": {
      "rawPosition": [
        -255,
        -160,
        0,
        255,
        -160,
        0,
        -255,
        160,
        0,
        255,
        160,
        0
      ],
      "indexes": [
        0,
        1,
        2,
        2,
        1,
        3
      ],
      "uv": [
        1,
        323,
        511,
        323,
        1,
        3,
        511,
        3
      ],
      "nuv": [
        0.001949317738791423,
        0.009259259259259259,
        0.9961013645224172,
        0.009259259259259259,
        0.001949317738791423,
        0.9969135802469136,
        0.9961013645224172,
        0.9969135802469136
      ],
      "minPos": {
        "x": -255,
        "y": -160,
        "z": 0
      },
      "maxPos": {
        "x": 255,
        "y": 160,
        "z": 0
      }
    },
    "texture": "0ac5e6eb-6075-46db-952f-d44847886cbb@6c48a",
    "packable": true,
    "pixelsToUnit": 100,
    "pivot": {
      "x": 0.5,
      "y": 0.5
    },
    "meshType": 0
  }
}