{
  "__type__": "cc.SpriteFrame",
  "content": {
    "name": "vfx_bottom_event_btn_vip",
    "atlas": "",
    "rect": {
      "x": 1,
      "y": 1,
      "width": 1022,
      "height": 511
    },
    "offset": {
      "x": 0,
      "y": -0.5
    },
    "originalSize": {
      "width": 1024,
      "height": 512
    },
    "rotated": false,
    "capInsets": [
      0,
      0,
      0,
      0
    ],
    "vertices": {
      "rawPosition": [
        -511,
        -255.5,
        0,
        511,
        -255.5,
        0,
        -511,
        255.5,
        0,
        511,
        255.5,
        0
      ],
      "indexes": [
        0,
        1,
        2,
        2,
        1,
        3
      ],
      "uv": [
        1,
        511,
        1023,
        511,
        1,
        0,
        1023,
        0
      ],
      "nuv": [
        0.0009765625,
        0,
        0.9990234375,
        0,
        0.0009765625,
        0.998046875,
        0.9990234375,
        0.998046875
      ],
      "minPos": {
        "x": -511,
        "y": -255.5,
        "z": 0
      },
      "maxPos": {
        "x": 511,
        "y": 255.5,
        "z": 0
      }
    },
    "texture": "0ded1e16-a899-40ca-8ecb-013ea58ce82d@6c48a",
    "packable": true,
    "pixelsToUnit": 100,
    "pivot": {
      "x": 0.5,
      "y": 0.5
    },
    "meshType": 0
  }
}