{
  "__type__": "cc.SpriteFrame",
  "content": {
    "name": "rewardIcon",
    "atlas": "",
    "rect": {
      "x": 1,
      "y": 1,
      "width": 1000,
      "height": 741
    },
    "offset": {
      "x": 0.5,
      "y": -0.5
    },
    "originalSize": {
      "width": 1001,
      "height": 742
    },
    "rotated": false,
    "capInsets": [
      0,
      0,
      0,
      0
    ],
    "vertices": {
      "rawPosition": [
        -500,
        -370.5,
        0,
        500,
        -370.5,
        0,
        -500,
        370.5,
        0,
        500,
        370.5,
        0
      ],
      "indexes": [
        0,
        1,
        2,
        2,
        1,
        3
      ],
      "uv": [
        1,
        741,
        1001,
        741,
        1,
        0,
        1001,
        0
      ],
      "nuv": [
        0.000999000999000999,
        0,
        1,
        0,
        0.000999000999000999,
        0.9986522911051213,
        1,
        0.9986522911051213
      ],
      "minPos": {
        "x": -500,
        "y": -370.5,
        "z": 0
      },
      "maxPos": {
        "x": 500,
        "y": 370.5,
        "z": 0
      }
    },
    "texture": "92f4042b-6bdb-42e1-a625-050efa416796@6c48a",
    "packable": true,
    "pixelsToUnit": 100,
    "pivot": {
      "x": 0.5,
      "y": 0.5
    },
    "meshType": 0
  }
}